{
  "name": "ars",
  "id": "ars",
  "title": "Advanced Roleplaying System (ARS)",
  "description": "System for playing OSRIC or other classic advanced roleplay games in FoundryVTT",
  "version": "2023.05.16",
  "compatibility": {
    "minimum": "10",
    "verified": "10.291"
  },
  "manifestPlusVersion": "1.0.0",
  "templateVersion": 3,
  "socket": true,
  "authors": [
    {
      "name": "Celestian",
      "email": "adnd.mike@gmail.com",
      "discord": "Celestian#0854"
    }
  ],
  "esmodules": ["module/ars.js"],
  "styles": ["ars.css"],
  "scripts": [],
  "languages": [
    {
      "lang": "en",
      "name": "English",
      "path": "lang/en.json"
    }
  ],
  "gridDistance": 10,
  "gridUnits": "ft",
  "primaryTokenAttribute": "attributes.hp",
  "secondaryTokenAttribute": "attributes.ac",
  "initiative": "1d10",
  "packs": [
    {
      "name": "ruleset-documentation",
      "label": "Ruleset Documentation",
      "system": "ars",
      "path": "packs/ruleset-documentation.db",
      "type": "JournalEntry",
      "private": false,
      "flags": {}
    }
  ],
  "url": "https://gitlab.com/foundryprojects/systems/advanced-roleplay-system",
  "manifest": "https://gitlab.com/foundryprojects/systems/advanced-roleplay-system/-/raw/main/src/system.json",
  "download": "https://gitlab.com/foundryprojects/systems/advanced-roleplay-system/-/raw/main/package/ars-v2023.05.16.zip",
  "license": "LICENSE.md"
}